{
  "service": {
    "service": "udacity-p4-serverless-application",
    "serviceObject": {
      "name": "udacity-p4-serverless-application"
    },
    "provider": {
      "stage": "dev",
      "variableSyntax": "\\${([ ~:a-zA-Z0-9._@'\",\\-\\/\\(\\)*]+?)}",
      "name": "aws",
      "runtime": "nodejs8.10",
      "region": "us-east-1",
      "environment": {
        "PROJECT_NAME": "udacity-p4",
        "TODOS_TABLE": "udacity-p4-serverless-application-todo-dev",
        "S3_BUCKET_NAME": "udacity-p4-serverless-application-todo-dev"
      },
      "versionFunctions": true,
      "remoteFunctionData": null,
      "compiledCloudFormationTemplate": {
        "AWSTemplateFormatVersion": "2010-09-09",
        "Description": "The AWS CloudFormation template for this Serverless application",
        "Resources": {
          "ServerlessDeploymentBucket": {
            "Type": "AWS::S3::Bucket",
            "Properties": {
              "BucketEncryption": {
                "ServerSideEncryptionConfiguration": [
                  {
                    "ServerSideEncryptionByDefault": {
                      "SSEAlgorithm": "AES256"
                    }
                  }
                ]
              }
            }
          },
          "AuthLogGroup": {
            "Type": "AWS::Logs::LogGroup",
            "Properties": {
              "LogGroupName": "/aws/lambda/udacity-p4-serverless-application-dev-Auth"
            }
          },
          "GetTodosLogGroup": {
            "Type": "AWS::Logs::LogGroup",
            "Properties": {
              "LogGroupName": "/aws/lambda/udacity-p4-serverless-application-dev-GetTodos"
            }
          },
          "CreateTodoLogGroup": {
            "Type": "AWS::Logs::LogGroup",
            "Properties": {
              "LogGroupName": "/aws/lambda/udacity-p4-serverless-application-dev-CreateTodo"
            }
          },
          "UpdateTodoLogGroup": {
            "Type": "AWS::Logs::LogGroup",
            "Properties": {
              "LogGroupName": "/aws/lambda/udacity-p4-serverless-application-dev-UpdateTodo"
            }
          },
          "DeleteTodoLogGroup": {
            "Type": "AWS::Logs::LogGroup",
            "Properties": {
              "LogGroupName": "/aws/lambda/udacity-p4-serverless-application-dev-DeleteTodo"
            }
          },
          "GenerateUploadUrlLogGroup": {
            "Type": "AWS::Logs::LogGroup",
            "Properties": {
              "LogGroupName": "/aws/lambda/udacity-p4-serverless-application-dev-GenerateUploadUrl"
            }
          },
          "IamRoleLambdaExecution": {
            "Type": "AWS::IAM::Role",
            "Properties": {
              "AssumeRolePolicyDocument": {
                "Version": "2012-10-17",
                "Statement": [
                  {
                    "Effect": "Allow",
                    "Principal": {
                      "Service": [
                        "lambda.amazonaws.com"
                      ]
                    },
                    "Action": [
                      "sts:AssumeRole"
                    ]
                  }
                ]
              },
              "Policies": [
                {
                  "PolicyName": {
                    "Fn::Join": [
                      "-",
                      [
                        "dev",
                        "udacity-p4-serverless-application",
                        "lambda"
                      ]
                    ]
                  },
                  "PolicyDocument": {
                    "Version": "2012-10-17",
                    "Statement": [
                      {
                        "Effect": "Allow",
                        "Action": [
                          "logs:CreateLogStream"
                        ],
                        "Resource": [
                          {
                            "Fn::Sub": "arn:${AWS::Partition}:logs:${AWS::Region}:${AWS::AccountId}:log-group:/aws/lambda/udacity-p4-serverless-application-dev*:*"
                          }
                        ]
                      },
                      {
                        "Effect": "Allow",
                        "Action": [
                          "logs:PutLogEvents"
                        ],
                        "Resource": [
                          {
                            "Fn::Sub": "arn:${AWS::Partition}:logs:${AWS::Region}:${AWS::AccountId}:log-group:/aws/lambda/udacity-p4-serverless-application-dev*:*:*"
                          }
                        ]
                      }
                    ]
                  }
                }
              ],
              "Path": "/",
              "RoleName": {
                "Fn::Join": [
                  "-",
                  [
                    "udacity-p4-serverless-application",
                    "dev",
                    {
                      "Ref": "AWS::Region"
                    },
                    "lambdaRole"
                  ]
                ]
              }
            }
          },
          "AuthLambdaFunction": {
            "Type": "AWS::Lambda::Function",
            "Properties": {
              "Code": {
                "S3Bucket": {
                  "Ref": "ServerlessDeploymentBucket"
                },
                "S3Key": "serverless/udacity-p4-serverless-application/dev/1563551023285-2019-07-19T15:43:43.285Z/udacity-p4-serverless-application.zip"
              },
              "FunctionName": "udacity-p4-serverless-application-dev-Auth",
              "Handler": "src/lambda/auth/auth0Authorizer.handler",
              "MemorySize": 1024,
              "Role": {
                "Fn::GetAtt": [
                  "IamRoleLambdaExecution",
                  "Arn"
                ]
              },
              "Runtime": "nodejs8.10",
              "Timeout": 6,
              "Environment": {
                "Variables": {
                  "PROJECT_NAME": "udacity-p4",
                  "TODOS_TABLE": "udacity-p4-serverless-application-todo-dev",
                  "S3_BUCKET_NAME": "udacity-p4-serverless-application-todo-dev"
                }
              }
            },
            "DependsOn": [
              "AuthLogGroup",
              "IamRoleLambdaExecution"
            ]
          },
          "AuthLambdaVersionCHymY1WfMuOstaqULMy0gO5O54Loi37e5Eb0w7qIo": {
            "Type": "AWS::Lambda::Version",
            "DeletionPolicy": "Retain",
            "Properties": {
              "FunctionName": {
                "Ref": "AuthLambdaFunction"
              },
              "CodeSha256": "UjntBUxr0CZt49t+Md0J0pR7LKNiOfi5wk0lPcFRilE="
            }
          },
          "GetTodosLambdaFunction": {
            "Type": "AWS::Lambda::Function",
            "Properties": {
              "Code": {
                "S3Bucket": {
                  "Ref": "ServerlessDeploymentBucket"
                },
                "S3Key": "serverless/udacity-p4-serverless-application/dev/1563551023285-2019-07-19T15:43:43.285Z/udacity-p4-serverless-application.zip"
              },
              "FunctionName": "udacity-p4-serverless-application-dev-GetTodos",
              "Handler": "src/lambda/http/getTodos.handler",
              "MemorySize": 1024,
              "Role": {
                "Fn::GetAtt": [
                  "GetTodosIamRoleLambdaExecution",
                  "Arn"
                ]
              },
              "Runtime": "nodejs8.10",
              "Timeout": 6,
              "Environment": {
                "Variables": {
                  "PROJECT_NAME": "udacity-p4",
                  "TODOS_TABLE": "udacity-p4-serverless-application-todo-dev",
                  "S3_BUCKET_NAME": "udacity-p4-serverless-application-todo-dev"
                }
              }
            },
            "DependsOn": [
              "GetTodosIamRoleLambdaExecution",
              "GetTodosLogGroup"
            ]
          },
          "GetTodosLambdaVersionHFe9xXEib07wzzrd2i7g66iGKUClzMgF0Q8iclsDao": {
            "Type": "AWS::Lambda::Version",
            "DeletionPolicy": "Retain",
            "Properties": {
              "FunctionName": {
                "Ref": "GetTodosLambdaFunction"
              },
              "CodeSha256": "UjntBUxr0CZt49t+Md0J0pR7LKNiOfi5wk0lPcFRilE="
            }
          },
          "CreateTodoLambdaFunction": {
            "Type": "AWS::Lambda::Function",
            "Properties": {
              "Code": {
                "S3Bucket": {
                  "Ref": "ServerlessDeploymentBucket"
                },
                "S3Key": "serverless/udacity-p4-serverless-application/dev/1563551023285-2019-07-19T15:43:43.285Z/udacity-p4-serverless-application.zip"
              },
              "FunctionName": "udacity-p4-serverless-application-dev-CreateTodo",
              "Handler": "src/lambda/http/createTodo.handler",
              "MemorySize": 1024,
              "Role": {
                "Fn::GetAtt": [
                  "CreateTodoIamRoleLambdaExecution",
                  "Arn"
                ]
              },
              "Runtime": "nodejs8.10",
              "Timeout": 6,
              "Environment": {
                "Variables": {
                  "PROJECT_NAME": "udacity-p4",
                  "TODOS_TABLE": "udacity-p4-serverless-application-todo-dev",
                  "S3_BUCKET_NAME": "udacity-p4-serverless-application-todo-dev"
                }
              }
            },
            "DependsOn": [
              "CreateTodoIamRoleLambdaExecution",
              "CreateTodoLogGroup"
            ]
          },
          "CreateTodoLambdaVersion3cKOX3KOMAQxjVYQLZeCxoBk0FsRXHLSrJXr7kLI": {
            "Type": "AWS::Lambda::Version",
            "DeletionPolicy": "Retain",
            "Properties": {
              "FunctionName": {
                "Ref": "CreateTodoLambdaFunction"
              },
              "CodeSha256": "UjntBUxr0CZt49t+Md0J0pR7LKNiOfi5wk0lPcFRilE="
            }
          },
          "UpdateTodoLambdaFunction": {
            "Type": "AWS::Lambda::Function",
            "Properties": {
              "Code": {
                "S3Bucket": {
                  "Ref": "ServerlessDeploymentBucket"
                },
                "S3Key": "serverless/udacity-p4-serverless-application/dev/1563551023285-2019-07-19T15:43:43.285Z/udacity-p4-serverless-application.zip"
              },
              "FunctionName": "udacity-p4-serverless-application-dev-UpdateTodo",
              "Handler": "src/lambda/http/updateTodo.handler",
              "MemorySize": 1024,
              "Role": {
                "Fn::GetAtt": [
                  "UpdateTodoIamRoleLambdaExecution",
                  "Arn"
                ]
              },
              "Runtime": "nodejs8.10",
              "Timeout": 6,
              "Environment": {
                "Variables": {
                  "PROJECT_NAME": "udacity-p4",
                  "TODOS_TABLE": "udacity-p4-serverless-application-todo-dev",
                  "S3_BUCKET_NAME": "udacity-p4-serverless-application-todo-dev"
                }
              }
            },
            "DependsOn": [
              "UpdateTodoIamRoleLambdaExecution",
              "UpdateTodoLogGroup"
            ]
          },
          "UpdateTodoLambdaVersionxNrpWB5OAa8c3h0iXLkhgXm6IxfbfK0svTEWwuODE": {
            "Type": "AWS::Lambda::Version",
            "DeletionPolicy": "Retain",
            "Properties": {
              "FunctionName": {
                "Ref": "UpdateTodoLambdaFunction"
              },
              "CodeSha256": "UjntBUxr0CZt49t+Md0J0pR7LKNiOfi5wk0lPcFRilE="
            }
          },
          "DeleteTodoLambdaFunction": {
            "Type": "AWS::Lambda::Function",
            "Properties": {
              "Code": {
                "S3Bucket": {
                  "Ref": "ServerlessDeploymentBucket"
                },
                "S3Key": "serverless/udacity-p4-serverless-application/dev/1563551023285-2019-07-19T15:43:43.285Z/udacity-p4-serverless-application.zip"
              },
              "FunctionName": "udacity-p4-serverless-application-dev-DeleteTodo",
              "Handler": "src/lambda/http/deleteTodo.handler",
              "MemorySize": 1024,
              "Role": {
                "Fn::GetAtt": [
                  "DeleteTodoIamRoleLambdaExecution",
                  "Arn"
                ]
              },
              "Runtime": "nodejs8.10",
              "Timeout": 6,
              "Environment": {
                "Variables": {
                  "PROJECT_NAME": "udacity-p4",
                  "TODOS_TABLE": "udacity-p4-serverless-application-todo-dev",
                  "S3_BUCKET_NAME": "udacity-p4-serverless-application-todo-dev"
                }
              }
            },
            "DependsOn": [
              "DeleteTodoIamRoleLambdaExecution",
              "DeleteTodoLogGroup"
            ]
          },
          "DeleteTodoLambdaVersionxTEY3ZvqTLlq11eqlET8Hb848VCjlvzjMMVzhD4E": {
            "Type": "AWS::Lambda::Version",
            "DeletionPolicy": "Retain",
            "Properties": {
              "FunctionName": {
                "Ref": "DeleteTodoLambdaFunction"
              },
              "CodeSha256": "UjntBUxr0CZt49t+Md0J0pR7LKNiOfi5wk0lPcFRilE="
            }
          },
          "GenerateUploadUrlLambdaFunction": {
            "Type": "AWS::Lambda::Function",
            "Properties": {
              "Code": {
                "S3Bucket": {
                  "Ref": "ServerlessDeploymentBucket"
                },
                "S3Key": "serverless/udacity-p4-serverless-application/dev/1563551023285-2019-07-19T15:43:43.285Z/udacity-p4-serverless-application.zip"
              },
              "FunctionName": "udacity-p4-serverless-application-dev-GenerateUploadUrl",
              "Handler": "src/lambda/http/generateUploadUrl.handler",
              "MemorySize": 1024,
              "Role": {
                "Fn::GetAtt": [
                  "GenerateUploadUrlIamRoleLambdaExecution",
                  "Arn"
                ]
              },
              "Runtime": "nodejs8.10",
              "Timeout": 6,
              "Environment": {
                "Variables": {
                  "PROJECT_NAME": "udacity-p4",
                  "TODOS_TABLE": "udacity-p4-serverless-application-todo-dev",
                  "S3_BUCKET_NAME": "udacity-p4-serverless-application-todo-dev"
                }
              }
            },
            "DependsOn": [
              "GenerateUploadUrlIamRoleLambdaExecution",
              "GenerateUploadUrlLogGroup"
            ]
          },
          "GenerateUploadUrlLambdaVersionTcshkYtI0Js0TnMggD3IIIhxQH6emHBd0fYRKvqLU": {
            "Type": "AWS::Lambda::Version",
            "DeletionPolicy": "Retain",
            "Properties": {
              "FunctionName": {
                "Ref": "GenerateUploadUrlLambdaFunction"
              },
              "CodeSha256": "UjntBUxr0CZt49t+Md0J0pR7LKNiOfi5wk0lPcFRilE="
            }
          },
          "ApiGatewayRestApi": {
            "Type": "AWS::ApiGateway::RestApi",
            "Properties": {
              "Name": "dev-udacity-p4-serverless-application",
              "EndpointConfiguration": {
                "Types": [
                  "EDGE"
                ]
              }
            }
          },
          "ApiGatewayResourceTodos": {
            "Type": "AWS::ApiGateway::Resource",
            "Properties": {
              "ParentId": {
                "Fn::GetAtt": [
                  "ApiGatewayRestApi",
                  "RootResourceId"
                ]
              },
              "PathPart": "todos",
              "RestApiId": {
                "Ref": "ApiGatewayRestApi"
              }
            }
          },
          "ApiGatewayResourceTodosTodoidVar": {
            "Type": "AWS::ApiGateway::Resource",
            "Properties": {
              "ParentId": {
                "Ref": "ApiGatewayResourceTodos"
              },
              "PathPart": "{todoId}",
              "RestApiId": {
                "Ref": "ApiGatewayRestApi"
              }
            }
          },
          "ApiGatewayResourceTodosTodoidVarAttachment": {
            "Type": "AWS::ApiGateway::Resource",
            "Properties": {
              "ParentId": {
                "Ref": "ApiGatewayResourceTodosTodoidVar"
              },
              "PathPart": "attachment",
              "RestApiId": {
                "Ref": "ApiGatewayRestApi"
              }
            }
          },
          "ApiGatewayMethodTodosOptions": {
            "Type": "AWS::ApiGateway::Method",
            "Properties": {
              "AuthorizationType": "NONE",
              "HttpMethod": "OPTIONS",
              "MethodResponses": [
                {
                  "StatusCode": "200",
                  "ResponseParameters": {
                    "method.response.header.Access-Control-Allow-Origin": true,
                    "method.response.header.Access-Control-Allow-Headers": true,
                    "method.response.header.Access-Control-Allow-Methods": true,
                    "method.response.header.Access-Control-Allow-Credentials": true
                  },
                  "ResponseModels": {}
                }
              ],
              "RequestParameters": {},
              "Integration": {
                "Type": "MOCK",
                "RequestTemplates": {
                  "application/json": "{statusCode:200}"
                },
                "ContentHandling": "CONVERT_TO_TEXT",
                "IntegrationResponses": [
                  {
                    "StatusCode": "200",
                    "ResponseParameters": {
                      "method.response.header.Access-Control-Allow-Origin": "'*'",
                      "method.response.header.Access-Control-Allow-Headers": "'Content-Type,X-Amz-Date,Authorization,X-Api-Key,X-Amz-Security-Token,X-Amz-User-Agent'",
                      "method.response.header.Access-Control-Allow-Methods": "'OPTIONS,POST,GET'",
                      "method.response.header.Access-Control-Allow-Credentials": "'false'"
                    },
                    "ResponseTemplates": {
                      "application/json": "#set($origin = $input.params(\"Origin\"))\n#if($origin == \"\") #set($origin = $input.params(\"origin\")) #end\n#if($origin.matches(\".*\")) #set($context.responseOverride.header.Access-Control-Allow-Origin = $origin) #end"
                    }
                  }
                ]
              },
              "ResourceId": {
                "Ref": "ApiGatewayResourceTodos"
              },
              "RestApiId": {
                "Ref": "ApiGatewayRestApi"
              }
            }
          },
          "ApiGatewayMethodTodosTodoidVarOptions": {
            "Type": "AWS::ApiGateway::Method",
            "Properties": {
              "AuthorizationType": "NONE",
              "HttpMethod": "OPTIONS",
              "MethodResponses": [
                {
                  "StatusCode": "200",
                  "ResponseParameters": {
                    "method.response.header.Access-Control-Allow-Origin": true,
                    "method.response.header.Access-Control-Allow-Headers": true,
                    "method.response.header.Access-Control-Allow-Methods": true,
                    "method.response.header.Access-Control-Allow-Credentials": true
                  },
                  "ResponseModels": {}
                }
              ],
              "RequestParameters": {},
              "Integration": {
                "Type": "MOCK",
                "RequestTemplates": {
                  "application/json": "{statusCode:200}"
                },
                "ContentHandling": "CONVERT_TO_TEXT",
                "IntegrationResponses": [
                  {
                    "StatusCode": "200",
                    "ResponseParameters": {
                      "method.response.header.Access-Control-Allow-Origin": "'*'",
                      "method.response.header.Access-Control-Allow-Headers": "'Content-Type,X-Amz-Date,Authorization,X-Api-Key,X-Amz-Security-Token,X-Amz-User-Agent'",
                      "method.response.header.Access-Control-Allow-Methods": "'OPTIONS,DELETE,PATCH'",
                      "method.response.header.Access-Control-Allow-Credentials": "'false'"
                    },
                    "ResponseTemplates": {
                      "application/json": "#set($origin = $input.params(\"Origin\"))\n#if($origin == \"\") #set($origin = $input.params(\"origin\")) #end\n#if($origin.matches(\".*\")) #set($context.responseOverride.header.Access-Control-Allow-Origin = $origin) #end"
                    }
                  }
                ]
              },
              "ResourceId": {
                "Ref": "ApiGatewayResourceTodosTodoidVar"
              },
              "RestApiId": {
                "Ref": "ApiGatewayRestApi"
              }
            }
          },
          "ApiGatewayMethodTodosTodoidVarAttachmentOptions": {
            "Type": "AWS::ApiGateway::Method",
            "Properties": {
              "AuthorizationType": "NONE",
              "HttpMethod": "OPTIONS",
              "MethodResponses": [
                {
                  "StatusCode": "200",
                  "ResponseParameters": {
                    "method.response.header.Access-Control-Allow-Origin": true,
                    "method.response.header.Access-Control-Allow-Headers": true,
                    "method.response.header.Access-Control-Allow-Methods": true,
                    "method.response.header.Access-Control-Allow-Credentials": true
                  },
                  "ResponseModels": {}
                }
              ],
              "RequestParameters": {},
              "Integration": {
                "Type": "MOCK",
                "RequestTemplates": {
                  "application/json": "{statusCode:200}"
                },
                "ContentHandling": "CONVERT_TO_TEXT",
                "IntegrationResponses": [
                  {
                    "StatusCode": "200",
                    "ResponseParameters": {
                      "method.response.header.Access-Control-Allow-Origin": "'*'",
                      "method.response.header.Access-Control-Allow-Headers": "'Content-Type,X-Amz-Date,Authorization,X-Api-Key,X-Amz-Security-Token,X-Amz-User-Agent'",
                      "method.response.header.Access-Control-Allow-Methods": "'OPTIONS,POST'",
                      "method.response.header.Access-Control-Allow-Credentials": "'false'"
                    },
                    "ResponseTemplates": {
                      "application/json": "#set($origin = $input.params(\"Origin\"))\n#if($origin == \"\") #set($origin = $input.params(\"origin\")) #end\n#if($origin.matches(\".*\")) #set($context.responseOverride.header.Access-Control-Allow-Origin = $origin) #end"
                    }
                  }
                ]
              },
              "ResourceId": {
                "Ref": "ApiGatewayResourceTodosTodoidVarAttachment"
              },
              "RestApiId": {
                "Ref": "ApiGatewayRestApi"
              }
            }
          },
          "ApiGatewayMethodTodosGet": {
            "Type": "AWS::ApiGateway::Method",
            "Properties": {
              "HttpMethod": "GET",
              "RequestParameters": {},
              "ResourceId": {
                "Ref": "ApiGatewayResourceTodos"
              },
              "RestApiId": {
                "Ref": "ApiGatewayRestApi"
              },
              "ApiKeyRequired": false,
              "AuthorizationType": "CUSTOM",
              "AuthorizerId": {
                "Ref": "AuthApiGatewayAuthorizer"
              },
              "Integration": {
                "IntegrationHttpMethod": "POST",
                "Type": "AWS_PROXY",
                "Uri": {
                  "Fn::Join": [
                    "",
                    [
                      "arn:",
                      {
                        "Ref": "AWS::Partition"
                      },
                      ":apigateway:",
                      {
                        "Ref": "AWS::Region"
                      },
                      ":lambda:path/2015-03-31/functions/",
                      {
                        "Fn::GetAtt": [
                          "GetTodosLambdaFunction",
                          "Arn"
                        ]
                      },
                      "/invocations"
                    ]
                  ]
                }
              },
              "MethodResponses": []
            },
            "DependsOn": "AuthApiGatewayAuthorizer"
          },
          "ApiGatewayMethodTodosPost": {
            "Type": "AWS::ApiGateway::Method",
            "Properties": {
              "HttpMethod": "POST",
              "RequestParameters": {},
              "ResourceId": {
                "Ref": "ApiGatewayResourceTodos"
              },
              "RestApiId": {
                "Ref": "ApiGatewayRestApi"
              },
              "ApiKeyRequired": false,
              "AuthorizationType": "CUSTOM",
              "AuthorizerId": {
                "Ref": "AuthApiGatewayAuthorizer"
              },
              "Integration": {
                "IntegrationHttpMethod": "POST",
                "Type": "AWS_PROXY",
                "Uri": {
                  "Fn::Join": [
                    "",
                    [
                      "arn:",
                      {
                        "Ref": "AWS::Partition"
                      },
                      ":apigateway:",
                      {
                        "Ref": "AWS::Region"
                      },
                      ":lambda:path/2015-03-31/functions/",
                      {
                        "Fn::GetAtt": [
                          "CreateTodoLambdaFunction",
                          "Arn"
                        ]
                      },
                      "/invocations"
                    ]
                  ]
                }
              },
              "MethodResponses": [],
              "RequestValidatorId": {
                "Ref": "onlyBody"
              },
              "RequestModels": {
                "application/json": "CreateTodoRequest"
              }
            },
            "DependsOn": [
              "CreateTodoRequestModel"
            ]
          },
          "ApiGatewayMethodTodosTodoidVarPatch": {
            "Type": "AWS::ApiGateway::Method",
            "Properties": {
              "HttpMethod": "PATCH",
              "RequestParameters": {},
              "ResourceId": {
                "Ref": "ApiGatewayResourceTodosTodoidVar"
              },
              "RestApiId": {
                "Ref": "ApiGatewayRestApi"
              },
              "ApiKeyRequired": false,
              "AuthorizationType": "CUSTOM",
              "AuthorizerId": {
                "Ref": "AuthApiGatewayAuthorizer"
              },
              "Integration": {
                "IntegrationHttpMethod": "POST",
                "Type": "AWS_PROXY",
                "Uri": {
                  "Fn::Join": [
                    "",
                    [
                      "arn:",
                      {
                        "Ref": "AWS::Partition"
                      },
                      ":apigateway:",
                      {
                        "Ref": "AWS::Region"
                      },
                      ":lambda:path/2015-03-31/functions/",
                      {
                        "Fn::GetAtt": [
                          "UpdateTodoLambdaFunction",
                          "Arn"
                        ]
                      },
                      "/invocations"
                    ]
                  ]
                }
              },
              "MethodResponses": [],
              "RequestValidatorId": {
                "Ref": "onlyBody"
              },
              "RequestModels": {
                "application/json": "UpdateTodoRequest"
              }
            },
            "DependsOn": [
              "UpdateTodoRequestModel"
            ]
          },
          "ApiGatewayMethodTodosTodoidVarDelete": {
            "Type": "AWS::ApiGateway::Method",
            "Properties": {
              "HttpMethod": "DELETE",
              "RequestParameters": {},
              "ResourceId": {
                "Ref": "ApiGatewayResourceTodosTodoidVar"
              },
              "RestApiId": {
                "Ref": "ApiGatewayRestApi"
              },
              "ApiKeyRequired": false,
              "AuthorizationType": "CUSTOM",
              "AuthorizerId": {
                "Ref": "AuthApiGatewayAuthorizer"
              },
              "Integration": {
                "IntegrationHttpMethod": "POST",
                "Type": "AWS_PROXY",
                "Uri": {
                  "Fn::Join": [
                    "",
                    [
                      "arn:",
                      {
                        "Ref": "AWS::Partition"
                      },
                      ":apigateway:",
                      {
                        "Ref": "AWS::Region"
                      },
                      ":lambda:path/2015-03-31/functions/",
                      {
                        "Fn::GetAtt": [
                          "DeleteTodoLambdaFunction",
                          "Arn"
                        ]
                      },
                      "/invocations"
                    ]
                  ]
                }
              },
              "MethodResponses": []
            },
            "DependsOn": "AuthApiGatewayAuthorizer"
          },
          "ApiGatewayMethodTodosTodoidVarAttachmentPost": {
            "Type": "AWS::ApiGateway::Method",
            "Properties": {
              "HttpMethod": "POST",
              "RequestParameters": {},
              "ResourceId": {
                "Ref": "ApiGatewayResourceTodosTodoidVarAttachment"
              },
              "RestApiId": {
                "Ref": "ApiGatewayRestApi"
              },
              "ApiKeyRequired": false,
              "AuthorizationType": "CUSTOM",
              "AuthorizerId": {
                "Ref": "AuthApiGatewayAuthorizer"
              },
              "Integration": {
                "IntegrationHttpMethod": "POST",
                "Type": "AWS_PROXY",
                "Uri": {
                  "Fn::Join": [
                    "",
                    [
                      "arn:",
                      {
                        "Ref": "AWS::Partition"
                      },
                      ":apigateway:",
                      {
                        "Ref": "AWS::Region"
                      },
                      ":lambda:path/2015-03-31/functions/",
                      {
                        "Fn::GetAtt": [
                          "GenerateUploadUrlLambdaFunction",
                          "Arn"
                        ]
                      },
                      "/invocations"
                    ]
                  ]
                }
              },
              "MethodResponses": []
            },
            "DependsOn": "AuthApiGatewayAuthorizer"
          },
          "AuthApiGatewayAuthorizer": {
            "Type": "AWS::ApiGateway::Authorizer",
            "Properties": {
              "IdentitySource": "method.request.header.Authorization",
              "Name": "Auth",
              "RestApiId": {
                "Ref": "ApiGatewayRestApi"
              },
              "AuthorizerUri": {
                "Fn::Join": [
                  "",
                  [
                    "arn:",
                    {
                      "Ref": "AWS::Partition"
                    },
                    ":apigateway:",
                    {
                      "Ref": "AWS::Region"
                    },
                    ":lambda:path/2015-03-31/functions/",
                    {
                      "Fn::GetAtt": [
                        "AuthLambdaFunction",
                        "Arn"
                      ]
                    },
                    "/invocations"
                  ]
                ]
              },
              "Type": "TOKEN"
            }
          },
          "ApiGatewayDeployment1563551000744": {
            "Type": "AWS::ApiGateway::Deployment",
            "Properties": {
              "RestApiId": {
                "Ref": "ApiGatewayRestApi"
              },
              "StageName": "dev"
            },
            "DependsOn": [
              "ApiGatewayMethodTodosOptions",
              "ApiGatewayMethodTodosTodoidVarOptions",
              "ApiGatewayMethodTodosTodoidVarAttachmentOptions",
              "ApiGatewayMethodTodosGet",
              "ApiGatewayMethodTodosPost",
              "ApiGatewayMethodTodosTodoidVarPatch",
              "ApiGatewayMethodTodosTodoidVarDelete",
              "ApiGatewayMethodTodosTodoidVarAttachmentPost"
            ]
          },
          "GetTodosLambdaPermissionApiGateway": {
            "Type": "AWS::Lambda::Permission",
            "Properties": {
              "FunctionName": {
                "Fn::GetAtt": [
                  "GetTodosLambdaFunction",
                  "Arn"
                ]
              },
              "Action": "lambda:InvokeFunction",
              "Principal": "apigateway.amazonaws.com",
              "SourceArn": {
                "Fn::Join": [
                  "",
                  [
                    "arn:",
                    {
                      "Ref": "AWS::Partition"
                    },
                    ":execute-api:",
                    {
                      "Ref": "AWS::Region"
                    },
                    ":",
                    {
                      "Ref": "AWS::AccountId"
                    },
                    ":",
                    {
                      "Ref": "ApiGatewayRestApi"
                    },
                    "/*/*"
                  ]
                ]
              }
            }
          },
          "AuthLambdaPermissionApiGateway": {
            "Type": "AWS::Lambda::Permission",
            "Properties": {
              "FunctionName": {
                "Fn::GetAtt": [
                  "AuthLambdaFunction",
                  "Arn"
                ]
              },
              "Action": "lambda:InvokeFunction",
              "Principal": "apigateway.amazonaws.com"
            }
          },
          "CreateTodoLambdaPermissionApiGateway": {
            "Type": "AWS::Lambda::Permission",
            "Properties": {
              "FunctionName": {
                "Fn::GetAtt": [
                  "CreateTodoLambdaFunction",
                  "Arn"
                ]
              },
              "Action": "lambda:InvokeFunction",
              "Principal": "apigateway.amazonaws.com",
              "SourceArn": {
                "Fn::Join": [
                  "",
                  [
                    "arn:",
                    {
                      "Ref": "AWS::Partition"
                    },
                    ":execute-api:",
                    {
                      "Ref": "AWS::Region"
                    },
                    ":",
                    {
                      "Ref": "AWS::AccountId"
                    },
                    ":",
                    {
                      "Ref": "ApiGatewayRestApi"
                    },
                    "/*/*"
                  ]
                ]
              }
            }
          },
          "UpdateTodoLambdaPermissionApiGateway": {
            "Type": "AWS::Lambda::Permission",
            "Properties": {
              "FunctionName": {
                "Fn::GetAtt": [
                  "UpdateTodoLambdaFunction",
                  "Arn"
                ]
              },
              "Action": "lambda:InvokeFunction",
              "Principal": "apigateway.amazonaws.com",
              "SourceArn": {
                "Fn::Join": [
                  "",
                  [
                    "arn:",
                    {
                      "Ref": "AWS::Partition"
                    },
                    ":execute-api:",
                    {
                      "Ref": "AWS::Region"
                    },
                    ":",
                    {
                      "Ref": "AWS::AccountId"
                    },
                    ":",
                    {
                      "Ref": "ApiGatewayRestApi"
                    },
                    "/*/*"
                  ]
                ]
              }
            }
          },
          "DeleteTodoLambdaPermissionApiGateway": {
            "Type": "AWS::Lambda::Permission",
            "Properties": {
              "FunctionName": {
                "Fn::GetAtt": [
                  "DeleteTodoLambdaFunction",
                  "Arn"
                ]
              },
              "Action": "lambda:InvokeFunction",
              "Principal": "apigateway.amazonaws.com",
              "SourceArn": {
                "Fn::Join": [
                  "",
                  [
                    "arn:",
                    {
                      "Ref": "AWS::Partition"
                    },
                    ":execute-api:",
                    {
                      "Ref": "AWS::Region"
                    },
                    ":",
                    {
                      "Ref": "AWS::AccountId"
                    },
                    ":",
                    {
                      "Ref": "ApiGatewayRestApi"
                    },
                    "/*/*"
                  ]
                ]
              }
            }
          },
          "GenerateUploadUrlLambdaPermissionApiGateway": {
            "Type": "AWS::Lambda::Permission",
            "Properties": {
              "FunctionName": {
                "Fn::GetAtt": [
                  "GenerateUploadUrlLambdaFunction",
                  "Arn"
                ]
              },
              "Action": "lambda:InvokeFunction",
              "Principal": "apigateway.amazonaws.com",
              "SourceArn": {
                "Fn::Join": [
                  "",
                  [
                    "arn:",
                    {
                      "Ref": "AWS::Partition"
                    },
                    ":execute-api:",
                    {
                      "Ref": "AWS::Region"
                    },
                    ":",
                    {
                      "Ref": "AWS::AccountId"
                    },
                    ":",
                    {
                      "Ref": "ApiGatewayRestApi"
                    },
                    "/*/*"
                  ]
                ]
              }
            }
          },
          "GetTodosIamRoleLambdaExecution": {
            "Type": "AWS::IAM::Role",
            "Properties": {
              "AssumeRolePolicyDocument": {
                "Version": "2012-10-17",
                "Statement": [
                  {
                    "Effect": "Allow",
                    "Principal": {
                      "Service": [
                        "lambda.amazonaws.com"
                      ]
                    },
                    "Action": [
                      "sts:AssumeRole"
                    ]
                  }
                ]
              },
              "Policies": [
                {
                  "PolicyName": {
                    "Fn::Join": [
                      "-",
                      [
                        "dev",
                        "udacity-p4-serverless-application",
                        "lambda"
                      ]
                    ]
                  },
                  "PolicyDocument": {
                    "Version": "2012-10-17",
                    "Statement": [
                      {
                        "Effect": "Allow",
                        "Action": [
                          "logs:CreateLogStream",
                          "logs:PutLogEvents"
                        ],
                        "Resource": [
                          {
                            "Fn::Sub": "arn:aws:logs:${AWS::Region}:${AWS::AccountId}:log-group:/aws/lambda/udacity-p4-serverless-application-dev-GetTodos:*:*"
                          }
                        ]
                      },
                      {
                        "Effect": "Allow",
                        "Action": [
                          "dynamodb:Query"
                        ],
                        "Resource": "arn:aws:dynamodb:us-east-1:*:table/udacity-p4-serverless-application-todo-dev"
                      }
                    ]
                  }
                }
              ],
              "Path": "/",
              "RoleName": "udacity-p4-get-todo-role-dev",
              "ManagedPolicyArns": []
            }
          },
          "CreateTodoIamRoleLambdaExecution": {
            "Type": "AWS::IAM::Role",
            "Properties": {
              "AssumeRolePolicyDocument": {
                "Version": "2012-10-17",
                "Statement": [
                  {
                    "Effect": "Allow",
                    "Principal": {
                      "Service": [
                        "lambda.amazonaws.com"
                      ]
                    },
                    "Action": [
                      "sts:AssumeRole"
                    ]
                  }
                ]
              },
              "Policies": [
                {
                  "PolicyName": {
                    "Fn::Join": [
                      "-",
                      [
                        "dev",
                        "udacity-p4-serverless-application",
                        "lambda"
                      ]
                    ]
                  },
                  "PolicyDocument": {
                    "Version": "2012-10-17",
                    "Statement": [
                      {
                        "Effect": "Allow",
                        "Action": [
                          "logs:CreateLogStream",
                          "logs:PutLogEvents"
                        ],
                        "Resource": [
                          {
                            "Fn::Sub": "arn:aws:logs:${AWS::Region}:${AWS::AccountId}:log-group:/aws/lambda/udacity-p4-serverless-application-dev-CreateTodo:*:*"
                          }
                        ]
                      },
                      {
                        "Effect": "Allow",
                        "Action": [
                          "dynamodb:PutItem"
                        ],
                        "Resource": "arn:aws:dynamodb:us-east-1:*:table/udacity-p4-serverless-application-todo-dev"
                      }
                    ]
                  }
                }
              ],
              "Path": "/",
              "RoleName": "udacity-p4-create-todo-role-dev",
              "ManagedPolicyArns": []
            }
          },
          "UpdateTodoIamRoleLambdaExecution": {
            "Type": "AWS::IAM::Role",
            "Properties": {
              "AssumeRolePolicyDocument": {
                "Version": "2012-10-17",
                "Statement": [
                  {
                    "Effect": "Allow",
                    "Principal": {
                      "Service": [
                        "lambda.amazonaws.com"
                      ]
                    },
                    "Action": [
                      "sts:AssumeRole"
                    ]
                  }
                ]
              },
              "Policies": [
                {
                  "PolicyName": {
                    "Fn::Join": [
                      "-",
                      [
                        "dev",
                        "udacity-p4-serverless-application",
                        "lambda"
                      ]
                    ]
                  },
                  "PolicyDocument": {
                    "Version": "2012-10-17",
                    "Statement": [
                      {
                        "Effect": "Allow",
                        "Action": [
                          "logs:CreateLogStream",
                          "logs:PutLogEvents"
                        ],
                        "Resource": [
                          {
                            "Fn::Sub": "arn:aws:logs:${AWS::Region}:${AWS::AccountId}:log-group:/aws/lambda/udacity-p4-serverless-application-dev-UpdateTodo:*:*"
                          }
                        ]
                      },
                      {
                        "Effect": "Allow",
                        "Action": [
                          "dynamodb:UpdateItem"
                        ],
                        "Resource": "arn:aws:dynamodb:us-east-1:*:table/udacity-p4-serverless-application-todo-dev"
                      }
                    ]
                  }
                }
              ],
              "Path": "/",
              "RoleName": "udacity-p4-update-todo-role-dev",
              "ManagedPolicyArns": []
            }
          },
          "DeleteTodoIamRoleLambdaExecution": {
            "Type": "AWS::IAM::Role",
            "Properties": {
              "AssumeRolePolicyDocument": {
                "Version": "2012-10-17",
                "Statement": [
                  {
                    "Effect": "Allow",
                    "Principal": {
                      "Service": [
                        "lambda.amazonaws.com"
                      ]
                    },
                    "Action": [
                      "sts:AssumeRole"
                    ]
                  }
                ]
              },
              "Policies": [
                {
                  "PolicyName": {
                    "Fn::Join": [
                      "-",
                      [
                        "dev",
                        "udacity-p4-serverless-application",
                        "lambda"
                      ]
                    ]
                  },
                  "PolicyDocument": {
                    "Version": "2012-10-17",
                    "Statement": [
                      {
                        "Effect": "Allow",
                        "Action": [
                          "logs:CreateLogStream",
                          "logs:PutLogEvents"
                        ],
                        "Resource": [
                          {
                            "Fn::Sub": "arn:aws:logs:${AWS::Region}:${AWS::AccountId}:log-group:/aws/lambda/udacity-p4-serverless-application-dev-DeleteTodo:*:*"
                          }
                        ]
                      },
                      {
                        "Effect": "Allow",
                        "Action": [
                          "dynamodb:DeleteItem"
                        ],
                        "Resource": "arn:aws:dynamodb:us-east-1:*:table/udacity-p4-serverless-application-todo-dev"
                      }
                    ]
                  }
                }
              ],
              "Path": "/",
              "RoleName": "udacity-p4-delete-todo-role-dev",
              "ManagedPolicyArns": []
            }
          },
          "GenerateUploadUrlIamRoleLambdaExecution": {
            "Type": "AWS::IAM::Role",
            "Properties": {
              "AssumeRolePolicyDocument": {
                "Version": "2012-10-17",
                "Statement": [
                  {
                    "Effect": "Allow",
                    "Principal": {
                      "Service": [
                        "lambda.amazonaws.com"
                      ]
                    },
                    "Action": [
                      "sts:AssumeRole"
                    ]
                  }
                ]
              },
              "Policies": [
                {
                  "PolicyName": {
                    "Fn::Join": [
                      "-",
                      [
                        "dev",
                        "udacity-p4-serverless-application",
                        "lambda"
                      ]
                    ]
                  },
                  "PolicyDocument": {
                    "Version": "2012-10-17",
                    "Statement": [
                      {
                        "Effect": "Allow",
                        "Action": [
                          "logs:CreateLogStream",
                          "logs:PutLogEvents"
                        ],
                        "Resource": [
                          {
                            "Fn::Sub": "arn:aws:logs:${AWS::Region}:${AWS::AccountId}:log-group:/aws/lambda/udacity-p4-serverless-application-dev-GenerateUploadUrl:*:*"
                          }
                        ]
                      },
                      {
                        "Effect": "Allow",
                        "Action": [
                          "s3:*"
                        ],
                        "Resource": "arn:aws:s3:::udacity-p4-serverless-application-todo-dev/*"
                      }
                    ]
                  }
                }
              ],
              "Path": "/",
              "RoleName": "udacity-p4-s3-upload-role-dev",
              "ManagedPolicyArns": []
            }
          },
          "CreateTodoRequestModel": {
            "Type": "AWS::ApiGateway::Model",
            "Properties": {
              "RestApiId": {
                "Ref": "ApiGatewayRestApi"
              },
              "ContentType": "application/json",
              "Name": "CreateTodoRequest",
              "Schema": {
                "required": [
                  "name",
                  "dueDate"
                ],
                "properties": {
                  "name": {
                    "type": "string"
                  },
                  "dueDate": {
                    "type": "string"
                  }
                }
              }
            }
          },
          "UpdateTodoRequestModel": {
            "Type": "AWS::ApiGateway::Model",
            "Properties": {
              "RestApiId": {
                "$ref": "$[\"service\"][\"provider\"][\"compiledCloudFormationTemplate\"][\"Resources\"][\"CreateTodoRequestModel\"][\"Properties\"][\"RestApiId\"]"
              },
              "ContentType": "application/json",
              "Name": "UpdateTodoRequest",
              "Schema": {
                "required": [
                  "name",
                  "dueDate",
                  "done"
                ],
                "properties": {
                  "name": {
                    "type": "string"
                  },
                  "dueDate": {
                    "type": "string"
                  },
                  "done": {
                    "type": "boolean"
                  }
                }
              }
            }
          },
          "TodosTable": {
            "Type": "AWS::DynamoDB::Table",
            "Properties": {
              "AttributeDefinitions": [
                {
                  "AttributeName": "userId",
                  "AttributeType": "S"
                },
                {
                  "AttributeName": "todoId",
                  "AttributeType": "S"
                }
              ],
              "KeySchema": [
                {
                  "AttributeName": "userId",
                  "KeyType": "HASH"
                },
                {
                  "AttributeName": "todoId",
                  "KeyType": "RANGE"
                }
              ],
              "BillingMode": "PAY_PER_REQUEST",
              "TableName": "udacity-p4-serverless-application-todo-dev"
            }
          },
          "onlyBody": {
            "Type": "AWS::ApiGateway::RequestValidator",
            "Properties": {
              "Name": "only-body",
              "RestApiId": {
                "Ref": "ApiGatewayRestApi"
              },
              "ValidateRequestBody": true,
              "ValidateRequestParameters": false
            }
          },
          "AttachmentsBucket": {
            "Type": "AWS::S3::Bucket",
            "Properties": {
              "BucketName": "udacity-p4-serverless-application-todo-dev",
              "CorsConfiguration": {
                "CorsRules": [
                  {
                    "AllowedOrigins": [
                      "*"
                    ],
                    "AllowedHeaders": [
                      "*"
                    ],
                    "AllowedMethods": [
                      "PUT"
                    ],
                    "MaxAge": 300
                  }
                ]
              }
            }
          }
        },
        "Outputs": {
          "ServerlessDeploymentBucketName": {
            "Value": {
              "Ref": "ServerlessDeploymentBucket"
            }
          },
          "AuthLambdaFunctionQualifiedArn": {
            "Description": "Current Lambda function version",
            "Value": {
              "Ref": "AuthLambdaVersionCHymY1WfMuOstaqULMy0gO5O54Loi37e5Eb0w7qIo"
            }
          },
          "GetTodosLambdaFunctionQualifiedArn": {
            "Description": "Current Lambda function version",
            "Value": {
              "Ref": "GetTodosLambdaVersionHFe9xXEib07wzzrd2i7g66iGKUClzMgF0Q8iclsDao"
            }
          },
          "CreateTodoLambdaFunctionQualifiedArn": {
            "Description": "Current Lambda function version",
            "Value": {
              "Ref": "CreateTodoLambdaVersion3cKOX3KOMAQxjVYQLZeCxoBk0FsRXHLSrJXr7kLI"
            }
          },
          "UpdateTodoLambdaFunctionQualifiedArn": {
            "Description": "Current Lambda function version",
            "Value": {
              "Ref": "UpdateTodoLambdaVersionxNrpWB5OAa8c3h0iXLkhgXm6IxfbfK0svTEWwuODE"
            }
          },
          "DeleteTodoLambdaFunctionQualifiedArn": {
            "Description": "Current Lambda function version",
            "Value": {
              "Ref": "DeleteTodoLambdaVersionxTEY3ZvqTLlq11eqlET8Hb848VCjlvzjMMVzhD4E"
            }
          },
          "GenerateUploadUrlLambdaFunctionQualifiedArn": {
            "Description": "Current Lambda function version",
            "Value": {
              "Ref": "GenerateUploadUrlLambdaVersionTcshkYtI0Js0TnMggD3IIIhxQH6emHBd0fYRKvqLU"
            }
          },
          "ServiceEndpoint": {
            "Description": "URL of the service endpoint",
            "Value": {
              "Fn::Join": [
                "",
                [
                  "https://",
                  {
                    "Ref": "ApiGatewayRestApi"
                  },
                  ".execute-api.",
                  {
                    "Ref": "AWS::Region"
                  },
                  ".",
                  {
                    "Ref": "AWS::URLSuffix"
                  },
                  "/dev"
                ]
              ]
            }
          },
          "AwsDocApiId": {
            "Description": "API ID",
            "Value": {
              "$ref": "$[\"service\"][\"provider\"][\"compiledCloudFormationTemplate\"][\"Resources\"][\"CreateTodoRequestModel\"][\"Properties\"][\"RestApiId\"]"
            }
          }
        }
      },
      "coreCloudFormationTemplate": {
        "AWSTemplateFormatVersion": "2010-09-09",
        "Description": "The AWS CloudFormation template for this Serverless application",
        "Resources": {
          "ServerlessDeploymentBucket": {
            "Type": "AWS::S3::Bucket",
            "Properties": {
              "BucketEncryption": {
                "ServerSideEncryptionConfiguration": [
                  {
                    "ServerSideEncryptionByDefault": {
                      "SSEAlgorithm": "AES256"
                    }
                  }
                ]
              }
            }
          }
        },
        "Outputs": {
          "ServerlessDeploymentBucketName": {
            "Value": {
              "Ref": "ServerlessDeploymentBucket"
            }
          }
        }
      },
      "vpc": {}
    },
    "custom": {
      "documentation": {
        "api": {
          "info": {
            "version": "1.0.0",
            "title": "udacity-p4-serverless-application-todo-api",
            "description": "udacity-p4-serverless-application-todo-api"
          }
        },
        "models": [
          {
            "name": "CreateTodoRequest",
            "contentType": "application/json",
            "schema": {
              "$ref": "$[\"service\"][\"provider\"][\"compiledCloudFormationTemplate\"][\"Resources\"][\"CreateTodoRequestModel\"][\"Properties\"][\"Schema\"]"
            }
          },
          {
            "name": "UpdateTodoRequest",
            "contentType": "application/json",
            "schema": {
              "$ref": "$[\"service\"][\"provider\"][\"compiledCloudFormationTemplate\"][\"Resources\"][\"UpdateTodoRequestModel\"][\"Properties\"][\"Schema\"]"
            }
          }
        ]
      }
    },
    "plugins": [
      "serverless-webpack",
      "serverless-iam-roles-per-function",
      "serverless-reqvalidator-plugin",
      "serverless-aws-documentation"
    ],
    "pluginsData": {},
    "functions": {
      "Auth": {
        "handler": "src/lambda/auth/auth0Authorizer.handler",
        "events": [],
        "name": "udacity-p4-serverless-application-dev-Auth",
        "package": {
          "artifact": ".serverless/udacity-p4-serverless-application.zip"
        },
        "memory": 1024,
        "timeout": 6,
        "runtime": "nodejs8.10",
        "vpc": {}
      },
      "GetTodos": {
        "handler": "src/lambda/http/getTodos.handler",
        "events": [
          {
            "http": {
              "method": "get",
              "path": "todos",
              "cors": {
                "origins": [
                  "*"
                ],
                "origin": "*",
                "methods": [
                  "OPTIONS",
                  "GET"
                ],
                "headers": [
                  "Content-Type",
                  "X-Amz-Date",
                  "Authorization",
                  "X-Api-Key",
                  "X-Amz-Security-Token",
                  "X-Amz-User-Agent"
                ],
                "allowCredentials": false
              },
              "authorizer": {
                "name": "Auth",
                "arn": {
                  "Fn::GetAtt": [
                    "AuthLambdaFunction",
                    "Arn"
                  ]
                },
                "identitySource": "method.request.header.Authorization"
              },
              "integration": "AWS_PROXY"
            }
          }
        ],
        "iamRoleStatementsName": "udacity-p4-get-todo-role-dev",
        "iamRoleStatements": [
          {
            "$ref": "$[\"service\"][\"provider\"][\"compiledCloudFormationTemplate\"][\"Resources\"][\"GetTodosIamRoleLambdaExecution\"][\"Properties\"][\"Policies\"][0][\"PolicyDocument\"][\"Statement\"][1]"
          }
        ],
        "name": "udacity-p4-serverless-application-dev-GetTodos",
        "package": {
          "artifact": ".serverless/udacity-p4-serverless-application.zip"
        },
        "memory": 1024,
        "timeout": 6,
        "runtime": "nodejs8.10",
        "vpc": {}
      },
      "CreateTodo": {
        "handler": "src/lambda/http/createTodo.handler",
        "events": [
          {
            "http": {
              "method": "post",
              "path": "todos",
              "cors": {
                "origins": [
                  "*"
                ],
                "origin": "*",
                "methods": [
                  "OPTIONS",
                  "POST"
                ],
                "headers": [
                  "Content-Type",
                  "X-Amz-Date",
                  "Authorization",
                  "X-Api-Key",
                  "X-Amz-Security-Token",
                  "X-Amz-User-Agent"
                ],
                "allowCredentials": false
              },
              "authorizer": {
                "name": "Auth",
                "arn": {
                  "Fn::GetAtt": [
                    "AuthLambdaFunction",
                    "Arn"
                  ]
                },
                "identitySource": "method.request.header.Authorization"
              },
              "documentation": {
                "summary": "Create a new todo item",
                "description": "Create a new todo item",
                "requestModels": {
                  "$ref": "$[\"service\"][\"provider\"][\"compiledCloudFormationTemplate\"][\"Resources\"][\"ApiGatewayMethodTodosPost\"][\"Properties\"][\"RequestModels\"]"
                }
              },
              "reqValidatorName": "onlyBody",
              "integration": "AWS_PROXY"
            }
          }
        ],
        "iamRoleStatementsName": "udacity-p4-create-todo-role-dev",
        "iamRoleStatements": [
          {
            "$ref": "$[\"service\"][\"provider\"][\"compiledCloudFormationTemplate\"][\"Resources\"][\"CreateTodoIamRoleLambdaExecution\"][\"Properties\"][\"Policies\"][0][\"PolicyDocument\"][\"Statement\"][1]"
          }
        ],
        "name": "udacity-p4-serverless-application-dev-CreateTodo",
        "package": {
          "artifact": ".serverless/udacity-p4-serverless-application.zip"
        },
        "memory": 1024,
        "timeout": 6,
        "runtime": "nodejs8.10",
        "vpc": {}
      },
      "UpdateTodo": {
        "handler": "src/lambda/http/updateTodo.handler",
        "events": [
          {
            "http": {
              "method": "patch",
              "path": "todos/{todoId}",
              "cors": {
                "origins": [
                  "*"
                ],
                "origin": "*",
                "methods": [
                  "OPTIONS",
                  "PATCH"
                ],
                "headers": [
                  "Content-Type",
                  "X-Amz-Date",
                  "Authorization",
                  "X-Api-Key",
                  "X-Amz-Security-Token",
                  "X-Amz-User-Agent"
                ],
                "allowCredentials": false
              },
              "authorizer": {
                "name": "Auth",
                "arn": {
                  "Fn::GetAtt": [
                    "AuthLambdaFunction",
                    "Arn"
                  ]
                },
                "identitySource": "method.request.header.Authorization"
              },
              "documentation": {
                "summary": "Update a todo item",
                "description": "Update a todo item",
                "requestModels": {
                  "$ref": "$[\"service\"][\"provider\"][\"compiledCloudFormationTemplate\"][\"Resources\"][\"ApiGatewayMethodTodosTodoidVarPatch\"][\"Properties\"][\"RequestModels\"]"
                }
              },
              "reqValidatorName": "onlyBody",
              "integration": "AWS_PROXY"
            }
          }
        ],
        "iamRoleStatementsName": "udacity-p4-update-todo-role-dev",
        "iamRoleStatements": [
          {
            "$ref": "$[\"service\"][\"provider\"][\"compiledCloudFormationTemplate\"][\"Resources\"][\"UpdateTodoIamRoleLambdaExecution\"][\"Properties\"][\"Policies\"][0][\"PolicyDocument\"][\"Statement\"][1]"
          }
        ],
        "name": "udacity-p4-serverless-application-dev-UpdateTodo",
        "package": {
          "artifact": ".serverless/udacity-p4-serverless-application.zip"
        },
        "memory": 1024,
        "timeout": 6,
        "runtime": "nodejs8.10",
        "vpc": {}
      },
      "DeleteTodo": {
        "handler": "src/lambda/http/deleteTodo.handler",
        "events": [
          {
            "http": {
              "method": "delete",
              "path": "todos/{todoId}",
              "cors": {
                "origins": [
                  "*"
                ],
                "origin": "*",
                "methods": [
                  "OPTIONS",
                  "DELETE"
                ],
                "headers": [
                  "Content-Type",
                  "X-Amz-Date",
                  "Authorization",
                  "X-Api-Key",
                  "X-Amz-Security-Token",
                  "X-Amz-User-Agent"
                ],
                "allowCredentials": false
              },
              "authorizer": {
                "name": "Auth",
                "arn": {
                  "Fn::GetAtt": [
                    "AuthLambdaFunction",
                    "Arn"
                  ]
                },
                "identitySource": "method.request.header.Authorization"
              },
              "integration": "AWS_PROXY"
            }
          }
        ],
        "iamRoleStatementsName": "udacity-p4-delete-todo-role-dev",
        "iamRoleStatements": [
          {
            "$ref": "$[\"service\"][\"provider\"][\"compiledCloudFormationTemplate\"][\"Resources\"][\"DeleteTodoIamRoleLambdaExecution\"][\"Properties\"][\"Policies\"][0][\"PolicyDocument\"][\"Statement\"][1]"
          }
        ],
        "name": "udacity-p4-serverless-application-dev-DeleteTodo",
        "package": {
          "artifact": ".serverless/udacity-p4-serverless-application.zip"
        },
        "memory": 1024,
        "timeout": 6,
        "runtime": "nodejs8.10",
        "vpc": {}
      },
      "GenerateUploadUrl": {
        "handler": "src/lambda/http/generateUploadUrl.handler",
        "events": [
          {
            "http": {
              "method": "post",
              "path": "todos/{todoId}/attachment",
              "cors": {
                "origins": [
                  "*"
                ],
                "origin": "*",
                "methods": [
                  "OPTIONS",
                  "POST"
                ],
                "headers": [
                  "Content-Type",
                  "X-Amz-Date",
                  "Authorization",
                  "X-Api-Key",
                  "X-Amz-Security-Token",
                  "X-Amz-User-Agent"
                ],
                "allowCredentials": false
              },
              "authorizer": {
                "name": "Auth",
                "arn": {
                  "Fn::GetAtt": [
                    "AuthLambdaFunction",
                    "Arn"
                  ]
                },
                "identitySource": "method.request.header.Authorization"
              },
              "integration": "AWS_PROXY"
            }
          }
        ],
        "iamRoleStatementsName": "udacity-p4-s3-upload-role-dev",
        "iamRoleStatements": [
          {
            "$ref": "$[\"service\"][\"provider\"][\"compiledCloudFormationTemplate\"][\"Resources\"][\"GenerateUploadUrlIamRoleLambdaExecution\"][\"Properties\"][\"Policies\"][0][\"PolicyDocument\"][\"Statement\"][1]"
          }
        ],
        "name": "udacity-p4-serverless-application-dev-GenerateUploadUrl",
        "package": {
          "artifact": ".serverless/udacity-p4-serverless-application.zip"
        },
        "memory": 1024,
        "timeout": 6,
        "runtime": "nodejs8.10",
        "vpc": {}
      }
    },
    "resources": {
      "Resources": {
        "TodosTable": {
          "Type": "AWS::DynamoDB::Table",
          "Properties": {
            "AttributeDefinitions": [
              {
                "AttributeName": "userId",
                "AttributeType": "S"
              },
              {
                "AttributeName": "todoId",
                "AttributeType": "S"
              }
            ],
            "KeySchema": [
              {
                "AttributeName": "userId",
                "KeyType": "HASH"
              },
              {
                "AttributeName": "todoId",
                "KeyType": "RANGE"
              }
            ],
            "BillingMode": "PAY_PER_REQUEST",
            "TableName": "udacity-p4-serverless-application-todo-dev"
          }
        },
        "onlyBody": {
          "Type": "AWS::ApiGateway::RequestValidator",
          "Properties": {
            "Name": "only-body",
            "RestApiId": {
              "Ref": "ApiGatewayRestApi"
            },
            "ValidateRequestBody": true,
            "ValidateRequestParameters": false
          }
        },
        "AttachmentsBucket": {
          "Type": "AWS::S3::Bucket",
          "Properties": {
            "BucketName": "udacity-p4-serverless-application-todo-dev",
            "CorsConfiguration": {
              "CorsRules": [
                {
                  "AllowedOrigins": [
                    "*"
                  ],
                  "AllowedHeaders": [
                    "*"
                  ],
                  "AllowedMethods": [
                    "PUT"
                  ],
                  "MaxAge": 300
                }
              ]
            }
          }
        }
      },
      "Outputs": {}
    },
    "serviceFilename": "serverless.yml",
    "layers": {}
  },
  "package": {
    "artifactDirectoryName": "serverless/udacity-p4-serverless-application/dev/1563551023285-2019-07-19T15:43:43.285Z",
    "artifact": ""
  }
}